test_id,amt_id,mode,counterbalance,knowledgeCondition,day,case,document,doctype,L1,L2,L3,L4,L5,L6,L7,L8,L9,L10,L11,L12,L13,L14,L15,L16,L17,L18,L19,L20,L21,L22,L23,L24,L25,L26,L27,L28,L29,L30,L31,L32,L33,L34,L35,L36,L37,L38,L39
199009,A3FCZNB9E8K3CX,SPY,2,low,1,OVERLAY,police_smithsonian_report,spy_lead,trays,mailroom,fax,trays,out,,,,,,,,,,,,,,,,,,,,,,,,,,,,,,,,,,
199009,A3FCZNB9E8K3CX,SPY,2,low,1,OVERLAY,mfa_security,spy_lead,trays,mailroom,fax,trays,out,,,,,,,,,,,,,,,,,,,,,,,,,,,,,,,,,,
199013,AS7Z8HZLMM3QX,CONTROL,1,low,3,OVERLAY,6A_doc,spy_lead,trays,out,,,,,,,,,,,,,,,,,,,,,,,,,,,,,,,,,,,,,
199013,AS7Z8HZLMM3QX,CONTROL,1,low,2,OVERLAY,3A_doc,spy_lead,trays,mailroom,fax,trays,out,,,,,,,,,,,,,,,,,,,,,,,,,,,,,,,,,,
199013,AS7Z8HZLMM3QX,CONTROL,1,low,3,OVERLAY,5A_doc,spy_lead,trays,mailroom,fax,trays,out,,,,,,,,,,,,,,,,,,,,,,,,,,,,,,,,,,
199013,AS7Z8HZLMM3QX,CONTROL,1,low,2,OVERLAY,4A_doc,spy_lead,trays,mailroom,fax,trays,out,,,,,,,,,,,,,,,,,,,,,,,,,,,,,,,,,,
199017,A1QA5EWFMNKGTA,SPY,1,high,1,OVERLAY,police_smithsonian_report,spy_lead,trays,mailroom,fax,office,conference,shredder,out,,,,,,,,,,,,,,,,,,,,,,,,,,,,,,,,
199017,A1QA5EWFMNKGTA,SPY,1,high,1,OVERLAY,mfa_security,spy_lead,trays,mailroom,fax,office,conference,office,mailroom,office,folder,office,mailroom,fax,office,conference,shredder,out,,,,,,,,,,,,,,,,,,,,,,,
199017,A1QA5EWFMNKGTA,SPY,1,high,4,OVERLAY,7A_doc,spy_lead,trays,mailroom,fax,office,conference,shredder,out,,,,,,,,,,,,,,,,,,,,,,,,,,,,,,,,
199017,A1QA5EWFMNKGTA,SPY,1,high,2,OVERLAY,3A_doc,spy_lead,trays,mailroom,fax,office,conference,shredder,out,,,,,,,,,,,,,,,,,,,,,,,,,,,,,,,,
199017,A1QA5EWFMNKGTA,SPY,1,high,3,OVERLAY,5A_doc,spy_lead,trays,mailroom,fax,office,conference,shredder,out,,,,,,,,,,,,,,,,,,,,,,,,,,,,,,,,
199017,A1QA5EWFMNKGTA,SPY,1,high,5,OVERLAY,10A_doc,spy_lead,trays,mailroom,fax,office,conference,shredder,out,,,,,,,,,,,,,,,,,,,,,,,,,,,,,,,,
199021,A3UV55HC87DO9C,SPY,2,high,5,OVERLAY,9A_doc,spy_lead,trays,mailroom,office,conference,shredder,out,,,,,,,,,,,,,,,,,,,,,,,,,,,,,,,,,
199021,A3UV55HC87DO9C,SPY,2,high,3,OVERLAY,6A_doc,spy_lead,trays,mailroom,fax,office,conference,shredder,out,,,,,,,,,,,,,,,,,,,,,,,,,,,,,,,,
199021,A3UV55HC87DO9C,SPY,2,high,4,OVERLAY,7A_doc,spy_lead,trays,mailroom,fax,office,conference,shredder,out,,,,,,,,,,,,,,,,,,,,,,,,,,,,,,,,
199021,A3UV55HC87DO9C,SPY,2,high,3,OVERLAY,5A_doc,spy_lead,trays,mailroom,fax,office,conference,shredder,out,,,,,,,,,,,,,,,,,,,,,,,,,,,,,,,,
199021,A3UV55HC87DO9C,SPY,2,high,5,OVERLAY,10A_doc,spy_lead,trays,mailroom,fax,office,conference,shredder,out,,,,,,,,,,,,,,,,,,,,,,,,,,,,,,,,
199023,A2IKPU88PDQTMF,SPY,2,low,1,OVERLAY,police_smithsonian_report,spy_lead,trays,mailroom,fax,office,folder,office,mailroom,trays,out,,,,,,,,,,,,,,,,,,,,,,,,,,,,,,
199023,A2IKPU88PDQTMF,SPY,2,low,1,OVERLAY,mfa_security,spy_lead,trays,mailroom,fax,trays,mailroom,office,conference,office,mailroom,trays,mailroom,office,folder,office,mailroom,trays,mailroom,trays,out,,,,,,,,,,,,,,,,,,,,
199029,A10LVHTF26QHQC,CONTROL,1,high,1,OVERLAY,police_smithsonian_report,spy_lead,trays,mailroom,fax,office,conference,shredder,out,,,,,,,,,,,,,,,,,,,,,,,,,,,,,,,,
199029,A10LVHTF26QHQC,CONTROL,1,high,5,OVERLAY,9A_doc,spy_lead,trays,mailroom,fax,office,conference,office,folder,office,conference,shredder,out,,,,,,,,,,,,,,,,,,,,,,,,,,,,
199029,A10LVHTF26QHQC,CONTROL,1,high,3,OVERLAY,6A_doc,spy_lead,trays,mailroom,fax,office,conference,shredder,out,,,,,,,,,,,,,,,,,,,,,,,,,,,,,,,,
199029,A10LVHTF26QHQC,CONTROL,1,high,4,OVERLAY,7A_doc,spy_lead,trays,mailroom,fax,office,conference,shredder,out,,,,,,,,,,,,,,,,,,,,,,,,,,,,,,,,
199029,A10LVHTF26QHQC,CONTROL,1,high,4,OVERLAY,8A_doc,spy_lead,trays,mailroom,fax,office,conference,shredder,out,,,,,,,,,,,,,,,,,,,,,,,,,,,,,,,,
199029,A10LVHTF26QHQC,CONTROL,1,high,2,OVERLAY,3A_doc,spy_lead,trays,mailroom,fax,office,conference,office,folder,office,conference,shredder,out,,,,,,,,,,,,,,,,,,,,,,,,,,,,
199029,A10LVHTF26QHQC,CONTROL,1,high,3,OVERLAY,5A_doc,spy_lead,trays,mailroom,fax,office,conference,shredder,out,,,,,,,,,,,,,,,,,,,,,,,,,,,,,,,,
199029,A10LVHTF26QHQC,CONTROL,1,high,5,OVERLAY,10A_doc,spy_lead,trays,mailroom,fax,trays,mailroom,office,conference,shredder,out,,,,,,,,,,,,,,,,,,,,,,,,,,,,,,
199029,A10LVHTF26QHQC,CONTROL,1,high,2,OVERLAY,4A_doc,spy_lead,trays,mailroom,fax,office,conference,office,folder,office,conference,shredder,out,,,,,,,,,,,,,,,,,,,,,,,,,,,,
199037,A4J4GGMKJ68L0,SPY,2,high,1,OVERLAY,police_smithsonian_report,spy_lead,trays,mailroom,trays,mailroom,fax,trays,mailroom,trays,mailroom,trays,mailroom,trays,out,,,,,,,,,,,,,,,,,,,,,,,,,,
199037,A4J4GGMKJ68L0,SPY,2,high,1,OVERLAY,mfa_security,spy_lead,trays,mailroom,trays,mailroom,fax,office,conference,office,mailroom,trays,mailroom,trays,mailroom,fax,trays,mailroom,trays,mailroom,trays,mailroom,trays,mailroom,trays,out,,,,,,,,,,,,,,,
199037,A4J4GGMKJ68L0,SPY,2,high,5,OVERLAY,9A_doc,spy_lead,trays,mailroom,fax,office,conference,shredder,out,,,,,,,,,,,,,,,,,,,,,,,,,,,,,,,,
199037,A4J4GGMKJ68L0,SPY,2,high,3,OVERLAY,6A_doc,spy_lead,trays,mailroom,fax,office,conference,office,mailroom,trays,mailroom,office,mailroom,office,conference,shredder,out,,,,,,,,,,,,,,,,,,,,,,,,
199037,A4J4GGMKJ68L0,SPY,2,high,4,OVERLAY,7A_doc,spy_lead,trays,mailroom,trays,mailroom,office,mailroom,trays,mailroom,trays,mailroom,fax,trays,mailroom,office,conference,shredder,out,,,,,,,,,,,,,,,,,,,,,,
199037,A4J4GGMKJ68L0,SPY,2,high,4,OVERLAY,8A_doc,spy_lead,trays,mailroom,trays,mailroom,trays,mailroom,fax,trays,mailroom,fax,trays,mailroom,office,conference,shredder,out,,,,,,,,,,,,,,,,,,,,,,,
199037,A4J4GGMKJ68L0,SPY,2,high,2,OVERLAY,3A_doc,spy_lead,trays,mailroom,fax,trays,mailroom,trays,out,,,,,,,,,,,,,,,,,,,,,,,,,,,,,,,,
199037,A4J4GGMKJ68L0,SPY,2,high,3,OVERLAY,5A_doc,spy_lead,trays,mailroom,fax,trays,mailroom,office,conference,shredder,out,,,,,,,,,,,,,,,,,,,,,,,,,,,,,,
199037,A4J4GGMKJ68L0,SPY,2,high,2,OVERLAY,4A_doc,spy_lead,trays,mailroom,fax,trays,mailroom,trays,mailroom,trays,out,,,,,,,,,,,,,,,,,,,,,,,,,,,,,,
199044,A2OFN0A5CPLH57,SPY,1,low,1,OVERLAY,police_smithsonian_report,spy_lead,trays,mailroom,fax,office,conference,office,folder,office,conference,shredder,out,,,,,,,,,,,,,,,,,,,,,,,,,,,,
199044,A2OFN0A5CPLH57,SPY,1,low,1,OVERLAY,mfa_security,spy_lead,trays,mailroom,fax,office,conference,office,folder,office,conference,shredder,out,,,,,,,,,,,,,,,,,,,,,,,,,,,,
199044,A2OFN0A5CPLH57,SPY,1,low,5,OVERLAY,9A_doc,spy_lead,trays,mailroom,fax,office,conference,shredder,out,,,,,,,,,,,,,,,,,,,,,,,,,,,,,,,,
199044,A2OFN0A5CPLH57,SPY,1,low,3,OVERLAY,6A_doc,spy_lead,trays,mailroom,fax,office,conference,shredder,out,,,,,,,,,,,,,,,,,,,,,,,,,,,,,,,,
199044,A2OFN0A5CPLH57,SPY,1,low,4,OVERLAY,7A_doc,spy_lead,trays,mailroom,fax,office,conference,shredder,out,,,,,,,,,,,,,,,,,,,,,,,,,,,,,,,,
199044,A2OFN0A5CPLH57,SPY,1,low,4,OVERLAY,8A_doc,spy_lead,trays,mailroom,fax,office,conference,shredder,out,,,,,,,,,,,,,,,,,,,,,,,,,,,,,,,,
199044,A2OFN0A5CPLH57,SPY,1,low,2,OVERLAY,3A_doc,spy_lead,trays,mailroom,fax,office,conference,shredder,out,,,,,,,,,,,,,,,,,,,,,,,,,,,,,,,,
199044,A2OFN0A5CPLH57,SPY,1,low,3,OVERLAY,5A_doc,spy_lead,trays,mailroom,fax,office,conference,shredder,out,,,,,,,,,,,,,,,,,,,,,,,,,,,,,,,,
199044,A2OFN0A5CPLH57,SPY,1,low,5,OVERLAY,10A_doc,spy_lead,trays,mailroom,fax,office,conference,shredder,out,,,,,,,,,,,,,,,,,,,,,,,,,,,,,,,,
199044,A2OFN0A5CPLH57,SPY,1,low,2,OVERLAY,4A_doc,spy_lead,trays,mailroom,fax,office,conference,shredder,out,,,,,,,,,,,,,,,,,,,,,,,,,,,,,,,,
199048,A3L2UB07EZJAMD,SPY,1,low,1,OVERLAY,mfa_security,spy_lead,trays,mailroom,office,mailroom,fax,office,conference,office,folder,office,conference,office,folder,office,conference,shredder,out,,,,,,,,,,,,,,,,,,,,,,
199048,A3L2UB07EZJAMD,SPY,1,low,5,OVERLAY,9A_doc,spy_lead,trays,mailroom,fax,office,conference,office,folder,office,conference,shredder,out,,,,,,,,,,,,,,,,,,,,,,,,,,,,
199048,A3L2UB07EZJAMD,SPY,1,low,4,OVERLAY,7A_doc,spy_lead,trays,mailroom,fax,office,conference,shredder,out,,,,,,,,,,,,,,,,,,,,,,,,,,,,,,,,
199048,A3L2UB07EZJAMD,SPY,1,low,4,OVERLAY,8A_doc,spy_lead,trays,mailroom,fax,office,conference,shredder,out,,,,,,,,,,,,,,,,,,,,,,,,,,,,,,,,
199048,A3L2UB07EZJAMD,SPY,1,low,3,OVERLAY,5A_doc,spy_lead,trays,mailroom,fax,trays,mailroom,office,conference,office,folder,office,conference,shredder,out,,,,,,,,,,,,,,,,,,,,,,,,,,
199068,A365XWY0OZ3MU0,CONTROL,2,high,1,OVERLAY,police_smithsonian_report,spy_lead,trays,mailroom,office,folder,office,mailroom,fax,office,folder,office,conference,shredder,out,,,,,,,,,,,,,,,,,,,,,,,,,,
199068,A365XWY0OZ3MU0,CONTROL,2,high,1,OVERLAY,mfa_security,spy_lead,trays,mailroom,office,folder,office,mailroom,fax,office,conference,office,folder,office,conference,shredder,out,,,,,,,,,,,,,,,,,,,,,,,,
199068,A365XWY0OZ3MU0,CONTROL,2,high,5,OVERLAY,9A_doc,spy_lead,trays,mailroom,fax,office,conference,shredder,out,,,,,,,,,,,,,,,,,,,,,,,,,,,,,,,,
199068,A365XWY0OZ3MU0,CONTROL,2,high,3,OVERLAY,6A_doc,spy_lead,trays,mailroom,fax,office,conference,shredder,out,,,,,,,,,,,,,,,,,,,,,,,,,,,,,,,,
199068,A365XWY0OZ3MU0,CONTROL,2,high,4,OVERLAY,7A_doc,spy_lead,trays,mailroom,fax,office,conference,shredder,out,,,,,,,,,,,,,,,,,,,,,,,,,,,,,,,,
199068,A365XWY0OZ3MU0,CONTROL,2,high,4,OVERLAY,8A_doc,spy_lead,trays,mailroom,fax,office,conference,shredder,out,,,,,,,,,,,,,,,,,,,,,,,,,,,,,,,,
199068,A365XWY0OZ3MU0,CONTROL,2,high,2,OVERLAY,3A_doc,spy_lead,trays,mailroom,fax,office,conference,shredder,out,,,,,,,,,,,,,,,,,,,,,,,,,,,,,,,,
199068,A365XWY0OZ3MU0,CONTROL,2,high,3,OVERLAY,5A_doc,spy_lead,trays,mailroom,fax,office,conference,shredder,out,,,,,,,,,,,,,,,,,,,,,,,,,,,,,,,,
199068,A365XWY0OZ3MU0,CONTROL,2,high,5,OVERLAY,10A_doc,spy_lead,trays,mailroom,fax,office,conference,shredder,out,,,,,,,,,,,,,,,,,,,,,,,,,,,,,,,,
199068,A365XWY0OZ3MU0,CONTROL,2,high,2,OVERLAY,4A_doc,spy_lead,trays,mailroom,fax,office,conference,shredder,out,,,,,,,,,,,,,,,,,,,,,,,,,,,,,,,,
199093,A3UPZ88FI1EJC,SPY,1,high,1,OVERLAY,police_smithsonian_report,spy_lead,trays,mailroom,fax,office,conference,shredder,out,,,,,,,,,,,,,,,,,,,,,,,,,,,,,,,,
199093,A3UPZ88FI1EJC,SPY,1,high,1,OVERLAY,mfa_security,spy_lead,trays,mailroom,fax,office,conference,shredder,out,,,,,,,,,,,,,,,,,,,,,,,,,,,,,,,,
199093,A3UPZ88FI1EJC,SPY,1,high,5,OVERLAY,9A_doc,spy_lead,trays,mailroom,fax,office,folder,office,conference,shredder,out,,,,,,,,,,,,,,,,,,,,,,,,,,,,,,
199093,A3UPZ88FI1EJC,SPY,1,high,3,OVERLAY,6A_doc,spy_lead,trays,mailroom,fax,office,conference,shredder,out,,,,,,,,,,,,,,,,,,,,,,,,,,,,,,,,
199093,A3UPZ88FI1EJC,SPY,1,high,4,OVERLAY,7A_doc,spy_lead,trays,mailroom,fax,office,conference,shredder,out,,,,,,,,,,,,,,,,,,,,,,,,,,,,,,,,
199093,A3UPZ88FI1EJC,SPY,1,high,4,OVERLAY,8A_doc,spy_lead,trays,mailroom,fax,office,conference,shredder,out,,,,,,,,,,,,,,,,,,,,,,,,,,,,,,,,
199093,A3UPZ88FI1EJC,SPY,1,high,2,OVERLAY,3A_doc,spy_lead,trays,mailroom,fax,office,conference,shredder,out,,,,,,,,,,,,,,,,,,,,,,,,,,,,,,,,
199093,A3UPZ88FI1EJC,SPY,1,high,3,OVERLAY,5A_doc,spy_lead,trays,mailroom,office,conference,shredder,out,,,,,,,,,,,,,,,,,,,,,,,,,,,,,,,,,
199093,A3UPZ88FI1EJC,SPY,1,high,5,OVERLAY,10A_doc,spy_lead,trays,mailroom,fax,office,conference,office,folder,office,conference,shredder,out,,,,,,,,,,,,,,,,,,,,,,,,,,,,
199093,A3UPZ88FI1EJC,SPY,1,high,2,OVERLAY,4A_doc,spy_lead,trays,mailroom,fax,office,conference,shredder,out,,,,,,,,,,,,,,,,,,,,,,,,,,,,,,,,
199114,A3HIRLDYDLBYDQ,CONTROL,2,high,1,OVERLAY,police_smithsonian_report,spy_lead,trays,mailroom,fax,trays,out,,,,,,,,,,,,,,,,,,,,,,,,,,,,,,,,,,
199114,A3HIRLDYDLBYDQ,CONTROL,2,high,1,OVERLAY,mfa_security,spy_lead,trays,mailroom,fax,trays,out,,,,,,,,,,,,,,,,,,,,,,,,,,,,,,,,,,
199114,A3HIRLDYDLBYDQ,CONTROL,2,high,5,OVERLAY,9A_doc,spy_lead,trays,mailroom,fax,trays,out,,,,,,,,,,,,,,,,,,,,,,,,,,,,,,,,,,
199114,A3HIRLDYDLBYDQ,CONTROL,2,high,3,OVERLAY,6A_doc,spy_lead,trays,mailroom,fax,office,mailroom,trays,out,,,,,,,,,,,,,,,,,,,,,,,,,,,,,,,,
199114,A3HIRLDYDLBYDQ,CONTROL,2,high,4,OVERLAY,7A_doc,spy_lead,trays,mailroom,fax,office,mailroom,trays,out,,,,,,,,,,,,,,,,,,,,,,,,,,,,,,,,
199114,A3HIRLDYDLBYDQ,CONTROL,2,high,4,OVERLAY,8A_doc,spy_lead,trays,mailroom,office,mailroom,fax,trays,out,,,,,,,,,,,,,,,,,,,,,,,,,,,,,,,,
199114,A3HIRLDYDLBYDQ,CONTROL,2,high,2,OVERLAY,3A_doc,spy_lead,trays,mailroom,fax,office,mailroom,trays,out,,,,,,,,,,,,,,,,,,,,,,,,,,,,,,,,
199114,A3HIRLDYDLBYDQ,CONTROL,2,high,3,OVERLAY,5A_doc,spy_lead,trays,mailroom,fax,trays,out,,,,,,,,,,,,,,,,,,,,,,,,,,,,,,,,,,
199114,A3HIRLDYDLBYDQ,CONTROL,2,high,2,OVERLAY,4A_doc,spy_lead,trays,mailroom,fax,trays,out,,,,,,,,,,,,,,,,,,,,,,,,,,,,,,,,,,
199145,A34L0OOVHMBN90,CONTROL,1,high,5,OVERLAY,9A_doc,spy_lead,trays,out,,,,,,,,,,,,,,,,,,,,,,,,,,,,,,,,,,,,,
199145,A34L0OOVHMBN90,CONTROL,1,high,4,OVERLAY,7A_doc,spy_lead,trays,mailroom,fax,trays,out,,,,,,,,,,,,,,,,,,,,,,,,,,,,,,,,,,
199145,A34L0OOVHMBN90,CONTROL,1,high,4,OVERLAY,8A_doc,spy_lead,trays,mailroom,fax,trays,out,,,,,,,,,,,,,,,,,,,,,,,,,,,,,,,,,,
199145,A34L0OOVHMBN90,CONTROL,1,high,3,OVERLAY,5A_doc,spy_lead,trays,mailroom,fax,office,mailroom,trays,out,,,,,,,,,,,,,,,,,,,,,,,,,,,,,,,,
199243,A2WNVSJ1Y06SS1,SPY,2,high,5,OVERLAY,9A_doc,spy_lead,trays,mailroom,fax,office,conference,shredder,out,,,,,,,,,,,,,,,,,,,,,,,,,,,,,,,,
199243,A2WNVSJ1Y06SS1,SPY,2,high,3,OVERLAY,6A_doc,spy_lead,trays,mailroom,fax,office,conference,shredder,out,,,,,,,,,,,,,,,,,,,,,,,,,,,,,,,,
199243,A2WNVSJ1Y06SS1,SPY,2,high,4,OVERLAY,7A_doc,spy_lead,trays,mailroom,fax,office,conference,shredder,out,,,,,,,,,,,,,,,,,,,,,,,,,,,,,,,,
199243,A2WNVSJ1Y06SS1,SPY,2,high,4,OVERLAY,8A_doc,spy_lead,trays,mailroom,fax,office,conference,shredder,out,,,,,,,,,,,,,,,,,,,,,,,,,,,,,,,,
199243,A2WNVSJ1Y06SS1,SPY,2,high,2,OVERLAY,3A_doc,spy_lead,trays,mailroom,fax,office,conference,shredder,out,,,,,,,,,,,,,,,,,,,,,,,,,,,,,,,,
199243,A2WNVSJ1Y06SS1,SPY,2,high,3,OVERLAY,5A_doc,spy_lead,trays,mailroom,fax,office,conference,shredder,out,,,,,,,,,,,,,,,,,,,,,,,,,,,,,,,,
199243,A2WNVSJ1Y06SS1,SPY,2,high,5,OVERLAY,10A_doc,spy_lead,trays,mailroom,fax,office,conference,shredder,out,,,,,,,,,,,,,,,,,,,,,,,,,,,,,,,,
199243,A2WNVSJ1Y06SS1,SPY,2,high,2,OVERLAY,4A_doc,spy_lead,trays,mailroom,fax,office,conference,shredder,out,,,,,,,,,,,,,,,,,,,,,,,,,,,,,,,,
199251,ANQ0RLFEZ17W0,CONTROL,1,low,1,OVERLAY,police_smithsonian_report,spy_lead,trays,mailroom,trays,mailroom,fax,trays,out,,,,,,,,,,,,,,,,,,,,,,,,,,,,,,,,
199251,ANQ0RLFEZ17W0,CONTROL,1,low,1,OVERLAY,mfa_security,spy_lead,trays,mailroom,trays,mailroom,trays,mailroom,fax,trays,out,,,,,,,,,,,,,,,,,,,,,,,,,,,,,,
199251,ANQ0RLFEZ17W0,CONTROL,1,low,3,OVERLAY,6A_doc,spy_lead,trays,mailroom,fax,trays,out,,,,,,,,,,,,,,,,,,,,,,,,,,,,,,,,,,
199251,ANQ0RLFEZ17W0,CONTROL,1,low,4,OVERLAY,7A_doc,spy_lead,trays,mailroom,fax,trays,mailroom,office,mailroom,office,conference,shredder,out,,,,,,,,,,,,,,,,,,,,,,,,,,,,
199251,ANQ0RLFEZ17W0,CONTROL,1,low,4,OVERLAY,8A_doc,spy_lead,trays,mailroom,fax,office,conference,shredder,out,,,,,,,,,,,,,,,,,,,,,,,,,,,,,,,,
199251,ANQ0RLFEZ17W0,CONTROL,1,low,2,OVERLAY,3A_doc,spy_lead,trays,mailroom,fax,trays,out,,,,,,,,,,,,,,,,,,,,,,,,,,,,,,,,,,
199251,ANQ0RLFEZ17W0,CONTROL,1,low,3,OVERLAY,5A_doc,spy_lead,trays,mailroom,fax,office,mailroom,trays,out,,,,,,,,,,,,,,,,,,,,,,,,,,,,,,,,
199251,ANQ0RLFEZ17W0,CONTROL,1,low,5,OVERLAY,10A_doc,spy_lead,trays,mailroom,fax,trays,out,,,,,,,,,,,,,,,,,,,,,,,,,,,,,,,,,,
199251,ANQ0RLFEZ17W0,CONTROL,1,low,2,OVERLAY,4A_doc,spy_lead,trays,mailroom,fax,office,mailroom,trays,out,,,,,,,,,,,,,,,,,,,,,,,,,,,,,,,,
199253,ATF7HBD1TFI2U,SPY,2,high,5,OVERLAY,9A_doc,spy_lead,trays,mailroom,fax,office,conference,shredder,out,,,,,,,,,,,,,,,,,,,,,,,,,,,,,,,,
199253,ATF7HBD1TFI2U,SPY,2,high,4,OVERLAY,7A_doc,spy_lead,trays,mailroom,fax,office,conference,shredder,out,,,,,,,,,,,,,,,,,,,,,,,,,,,,,,,,
199253,ATF7HBD1TFI2U,SPY,2,high,4,OVERLAY,8A_doc,spy_lead,trays,mailroom,fax,office,conference,shredder,out,,,,,,,,,,,,,,,,,,,,,,,,,,,,,,,,
199253,ATF7HBD1TFI2U,SPY,2,high,5,OVERLAY,10A_doc,spy_lead,trays,mailroom,fax,trays,mailroom,fax,trays,mailroom,trays,mailroom,fax,office,conference,shredder,out,,,,,,,,,,,,,,,,,,,,,,,,
199254,A2CJYS92WX7HN6,CONTROL,2,high,5,OVERLAY,9A_doc,spy_lead,trays,mailroom,fax,trays,out,,,,,,,,,,,,,,,,,,,,,,,,,,,,,,,,,,
199254,A2CJYS92WX7HN6,CONTROL,2,high,3,OVERLAY,6A_doc,spy_lead,trays,mailroom,fax,trays,out,,,,,,,,,,,,,,,,,,,,,,,,,,,,,,,,,,
199254,A2CJYS92WX7HN6,CONTROL,2,high,4,OVERLAY,7A_doc,spy_lead,trays,mailroom,trays,mailroom,fax,trays,out,,,,,,,,,,,,,,,,,,,,,,,,,,,,,,,,
199254,A2CJYS92WX7HN6,CONTROL,2,high,4,OVERLAY,8A_doc,spy_lead,trays,mailroom,fax,trays,out,,,,,,,,,,,,,,,,,,,,,,,,,,,,,,,,,,
199254,A2CJYS92WX7HN6,CONTROL,2,high,2,OVERLAY,3A_doc,spy_lead,trays,mailroom,fax,office,conference,office,mailroom,trays,out,,,,,,,,,,,,,,,,,,,,,,,,,,,,,,
199254,A2CJYS92WX7HN6,CONTROL,2,high,3,OVERLAY,5A_doc,spy_lead,trays,mailroom,fax,trays,out,,,,,,,,,,,,,,,,,,,,,,,,,,,,,,,,,,
199254,A2CJYS92WX7HN6,CONTROL,2,high,5,OVERLAY,10A_doc,spy_lead,trays,mailroom,fax,trays,out,,,,,,,,,,,,,,,,,,,,,,,,,,,,,,,,,,
199254,A2CJYS92WX7HN6,CONTROL,2,high,2,OVERLAY,4A_doc,spy_lead,trays,mailroom,fax,trays,out,,,,,,,,,,,,,,,,,,,,,,,,,,,,,,,,,,
199264,APGX2WZ59OWDN,CONTROL,2,high,5,OVERLAY,9A_doc,spy_lead,trays,mailroom,fax,office,conference,shredder,out,,,,,,,,,,,,,,,,,,,,,,,,,,,,,,,,
199264,APGX2WZ59OWDN,CONTROL,2,high,4,OVERLAY,7A_doc,spy_lead,trays,mailroom,fax,office,conference,shredder,out,,,,,,,,,,,,,,,,,,,,,,,,,,,,,,,,
199264,APGX2WZ59OWDN,CONTROL,2,high,4,OVERLAY,8A_doc,spy_lead,trays,mailroom,fax,office,conference,shredder,out,,,,,,,,,,,,,,,,,,,,,,,,,,,,,,,,
199264,APGX2WZ59OWDN,CONTROL,2,high,3,OVERLAY,5A_doc,spy_lead,trays,mailroom,fax,office,conference,shredder,out,,,,,,,,,,,,,,,,,,,,,,,,,,,,,,,,
199264,APGX2WZ59OWDN,CONTROL,2,high,5,OVERLAY,10A_doc,spy_lead,trays,mailroom,fax,office,conference,shredder,out,,,,,,,,,,,,,,,,,,,,,,,,,,,,,,,,
199265,A1CSDIX05PK9V,CONTROL,1,high,5,OVERLAY,9A_doc,spy_lead,trays,mailroom,fax,office,conference,shredder,out,,,,,,,,,,,,,,,,,,,,,,,,,,,,,,,,
199265,A1CSDIX05PK9V,CONTROL,1,high,3,OVERLAY,6A_doc,spy_lead,trays,mailroom,fax,trays,mailroom,office,conference,shredder,out,,,,,,,,,,,,,,,,,,,,,,,,,,,,,,
199265,A1CSDIX05PK9V,CONTROL,1,high,4,OVERLAY,7A_doc,spy_lead,trays,mailroom,fax,office,conference,shredder,out,,,,,,,,,,,,,,,,,,,,,,,,,,,,,,,,
199265,A1CSDIX05PK9V,CONTROL,1,high,4,OVERLAY,8A_doc,spy_lead,trays,mailroom,fax,office,conference,shredder,out,,,,,,,,,,,,,,,,,,,,,,,,,,,,,,,,
199265,A1CSDIX05PK9V,CONTROL,1,high,3,OVERLAY,5A_doc,spy_lead,trays,mailroom,fax,trays,mailroom,fax,trays,mailroom,office,conference,shredder,out,,,,,,,,,,,,,,,,,,,,,,,,,,,
199265,A1CSDIX05PK9V,CONTROL,1,high,5,OVERLAY,10A_doc,spy_lead,trays,mailroom,fax,trays,mailroom,office,conference,shredder,out,,,,,,,,,,,,,,,,,,,,,,,,,,,,,,
199267,AY7WPVKHVNBLG,SPY,1,low,5,OVERLAY,9A_doc,spy_lead,trays,mailroom,fax,trays,mailroom,trays,mailroom,office,conference,shredder,out,,,,,,,,,,,,,,,,,,,,,,,,,,,,
199267,AY7WPVKHVNBLG,SPY,1,low,3,OVERLAY,6A_doc,spy_lead,trays,mailroom,fax,trays,mailroom,trays,mailroom,trays,mailroom,fax,trays,mailroom,trays,mailroom,office,conference,shredder,out,,,,,,,,,,,,,,,,,,,,,
199267,AY7WPVKHVNBLG,SPY,1,low,4,OVERLAY,7A_doc,spy_lead,trays,mailroom,trays,mailroom,fax,trays,mailroom,office,conference,shredder,out,,,,,,,,,,,,,,,,,,,,,,,,,,,,
199267,AY7WPVKHVNBLG,SPY,1,low,4,OVERLAY,8A_doc,spy_lead,trays,mailroom,fax,trays,mailroom,office,conference,shredder,out,,,,,,,,,,,,,,,,,,,,,,,,,,,,,,
199267,AY7WPVKHVNBLG,SPY,1,low,2,OVERLAY,3A_doc,spy_lead,trays,mailroom,fax,office,conference,office,mailroom,office,conference,office,conference,office,mailroom,trays,mailroom,office,folder,report,,,,,,,,,,,,,,,,,,,,,
199267,AY7WPVKHVNBLG,SPY,1,low,3,OVERLAY,5A_doc,spy_lead,trays,mailroom,fax,trays,mailroom,office,conference,shredder,out,,,,,,,,,,,,,,,,,,,,,,,,,,,,,,
199267,AY7WPVKHVNBLG,SPY,1,low,5,OVERLAY,10A_doc,spy_lead,trays,mailroom,fax,trays,mailroom,trays,mailroom,office,conference,shredder,out,,,,,,,,,,,,,,,,,,,,,,,,,,,,
199267,AY7WPVKHVNBLG,SPY,1,low,2,OVERLAY,4A_doc,spy_lead,trays,mailroom,fax,trays,mailroom,trays,mailroom,office,folder,report,,,,,,,,,,,,,,,,,,,,,,,,,,,,,
199271,A6U2C66WQ7QQN,CONTROL,1,low,4,OVERLAY,7A_doc,spy_lead,trays,mailroom,fax,trays,mailroom,office,conference,shredder,out,,,,,,,,,,,,,,,,,,,,,,,,,,,,,,
199271,A6U2C66WQ7QQN,CONTROL,1,low,3,OVERLAY,5A_doc,spy_lead,trays,mailroom,fax,office,conference,office,folder,office,conference,shredder,out,,,,,,,,,,,,,,,,,,,,,,,,,,,,
199283,A2JP9IKRHNLRPI,SPY,1,low,1,OVERLAY,police_smithsonian_report,spy_lead,trays,mailroom,fax,trays,out,,,,,,,,,,,,,,,,,,,,,,,,,,,,,,,,,,
199283,A2JP9IKRHNLRPI,SPY,1,low,1,OVERLAY,mfa_security,spy_lead,trays,mailroom,fax,trays,out,,,,,,,,,,,,,,,,,,,,,,,,,,,,,,,,,,
199283,A2JP9IKRHNLRPI,SPY,1,low,5,OVERLAY,9A_doc,spy_lead,trays,mailroom,fax,office,conference,office,folder,office,conference,shredder,out,,,,,,,,,,,,,,,,,,,,,,,,,,,,
199283,A2JP9IKRHNLRPI,SPY,1,low,3,OVERLAY,6A_doc,spy_lead,trays,mailroom,fax,office,conference,shredder,out,,,,,,,,,,,,,,,,,,,,,,,,,,,,,,,,
199283,A2JP9IKRHNLRPI,SPY,1,low,4,OVERLAY,7A_doc,spy_lead,trays,mailroom,fax,office,conference,shredder,out,,,,,,,,,,,,,,,,,,,,,,,,,,,,,,,,
199283,A2JP9IKRHNLRPI,SPY,1,low,4,OVERLAY,8A_doc,spy_lead,trays,mailroom,fax,office,conference,shredder,out,,,,,,,,,,,,,,,,,,,,,,,,,,,,,,,,
199283,A2JP9IKRHNLRPI,SPY,1,low,2,OVERLAY,3A_doc,spy_lead,trays,mailroom,fax,trays,mailroom,office,conference,shredder,out,,,,,,,,,,,,,,,,,,,,,,,,,,,,,,
199283,A2JP9IKRHNLRPI,SPY,1,low,3,OVERLAY,5A_doc,spy_lead,trays,mailroom,fax,office,conference,office,conference,shredder,out,,,,,,,,,,,,,,,,,,,,,,,,,,,,,,
199283,A2JP9IKRHNLRPI,SPY,1,low,5,OVERLAY,10A_doc,spy_lead,trays,mailroom,fax,office,conference,office,folder,office,conference,shredder,out,,,,,,,,,,,,,,,,,,,,,,,,,,,,
199283,A2JP9IKRHNLRPI,SPY,1,low,2,OVERLAY,4A_doc,spy_lead,trays,mailroom,fax,trays,mailroom,office,conference,shredder,out,,,,,,,,,,,,,,,,,,,,,,,,,,,,,,
199288,AADRVG2QVZH75,SPY,2,low,1,OVERLAY,police_smithsonian_report,spy_lead,trays,mailroom,fax,office,conference,shredder,out,,,,,,,,,,,,,,,,,,,,,,,,,,,,,,,,
199288,AADRVG2QVZH75,SPY,2,low,1,OVERLAY,mfa_security,spy_lead,trays,mailroom,fax,office,conference,shredder,out,,,,,,,,,,,,,,,,,,,,,,,,,,,,,,,,
199288,AADRVG2QVZH75,SPY,2,low,5,OVERLAY,9A_doc,spy_lead,trays,mailroom,fax,office,conference,shredder,out,,,,,,,,,,,,,,,,,,,,,,,,,,,,,,,,
199288,AADRVG2QVZH75,SPY,2,low,3,OVERLAY,6A_doc,spy_lead,trays,mailroom,fax,office,conference,shredder,out,,,,,,,,,,,,,,,,,,,,,,,,,,,,,,,,
199288,AADRVG2QVZH75,SPY,2,low,4,OVERLAY,7A_doc,spy_lead,trays,mailroom,fax,office,conference,shredder,out,,,,,,,,,,,,,,,,,,,,,,,,,,,,,,,,
199288,AADRVG2QVZH75,SPY,2,low,4,OVERLAY,8A_doc,spy_lead,trays,mailroom,fax,office,conference,shredder,out,,,,,,,,,,,,,,,,,,,,,,,,,,,,,,,,
199288,AADRVG2QVZH75,SPY,2,low,2,OVERLAY,3A_doc,spy_lead,trays,mailroom,fax,office,conference,shredder,out,,,,,,,,,,,,,,,,,,,,,,,,,,,,,,,,
199288,AADRVG2QVZH75,SPY,2,low,3,OVERLAY,5A_doc,spy_lead,trays,mailroom,fax,office,conference,shredder,out,,,,,,,,,,,,,,,,,,,,,,,,,,,,,,,,
199288,AADRVG2QVZH75,SPY,2,low,5,OVERLAY,10A_doc,spy_lead,trays,mailroom,fax,trays,mailroom,office,conference,shredder,out,,,,,,,,,,,,,,,,,,,,,,,,,,,,,,
199288,AADRVG2QVZH75,SPY,2,low,2,OVERLAY,4A_doc,spy_lead,trays,mailroom,office,mailroom,fax,office,conference,shredder,out,,,,,,,,,,,,,,,,,,,,,,,,,,,,,,
199313,A256FHXGSY0E5D,CONTROL,1,high,1,OVERLAY,police_smithsonian_report,spy_lead,trays,mailroom,fax,trays,out,,,,,,,,,,,,,,,,,,,,,,,,,,,,,,,,,,
199313,A256FHXGSY0E5D,CONTROL,1,high,1,OVERLAY,mfa_security,spy_lead,trays,mailroom,fax,office,mailroom,trays,out,,,,,,,,,,,,,,,,,,,,,,,,,,,,,,,,
199313,A256FHXGSY0E5D,CONTROL,1,high,5,OVERLAY,9A_doc,spy_lead,trays,mailroom,fax,office,conference,office,folder,office,conference,shredder,out,,,,,,,,,,,,,,,,,,,,,,,,,,,,
199313,A256FHXGSY0E5D,CONTROL,1,high,3,OVERLAY,6A_doc,spy_lead,trays,mailroom,fax,office,conference,shredder,out,,,,,,,,,,,,,,,,,,,,,,,,,,,,,,,,
199313,A256FHXGSY0E5D,CONTROL,1,high,4,OVERLAY,7A_doc,spy_lead,trays,mailroom,office,folder,office,mailroom,fax,office,conference,shredder,out,,,,,,,,,,,,,,,,,,,,,,,,,,,,
199313,A256FHXGSY0E5D,CONTROL,1,high,4,OVERLAY,8A_doc,spy_lead,trays,mailroom,office,folder,office,mailroom,fax,office,conference,shredder,out,,,,,,,,,,,,,,,,,,,,,,,,,,,,
199313,A256FHXGSY0E5D,CONTROL,1,high,2,OVERLAY,3A_doc,spy_lead,trays,mailroom,fax,office,conference,shredder,out,,,,,,,,,,,,,,,,,,,,,,,,,,,,,,,,
199313,A256FHXGSY0E5D,CONTROL,1,high,3,OVERLAY,5A_doc,spy_lead,trays,mailroom,fax,office,conference,office,mailroom,trays,mailroom,office,conference,shredder,out,,,,,,,,,,,,,,,,,,,,,,,,,,
199313,A256FHXGSY0E5D,CONTROL,1,high,5,OVERLAY,10A_doc,spy_lead,trays,mailroom,office,mailroom,fax,office,conference,office,folder,office,conference,shredder,out,,,,,,,,,,,,,,,,,,,,,,,,,,
199313,A256FHXGSY0E5D,CONTROL,1,high,2,OVERLAY,4A_doc,spy_lead,trays,mailroom,fax,office,conference,shredder,out,,,,,,,,,,,,,,,,,,,,,,,,,,,,,,,,
199324,A3PYFNAED6X1BL,CONTROL,2,high,1,OVERLAY,police_smithsonian_report,spy_lead,trays,mailroom,office,folder,office,mailroom,fax,office,conference,office,folder,office,conference,office,folder,office,conference,shredder,out,,,,,,,,,,,,,,,,,,,,
199324,A3PYFNAED6X1BL,CONTROL,2,high,5,OVERLAY,9A_doc,spy_lead,trays,mailroom,fax,office,conference,shredder,out,,,,,,,,,,,,,,,,,,,,,,,,,,,,,,,,
199324,A3PYFNAED6X1BL,CONTROL,2,high,3,OVERLAY,6A_doc,spy_lead,trays,mailroom,office,conference,office,mailroom,fax,office,folder,office,conference,office,folder,office,conference,shredder,out,,,,,,,,,,,,,,,,,,,,,,
199324,A3PYFNAED6X1BL,CONTROL,2,high,4,OVERLAY,7A_doc,spy_lead,trays,mailroom,office,mailroom,fax,office,conference,shredder,out,,,,,,,,,,,,,,,,,,,,,,,,,,,,,,
199324,A3PYFNAED6X1BL,CONTROL,2,high,4,OVERLAY,8A_doc,spy_lead,trays,mailroom,fax,office,conference,shredder,out,,,,,,,,,,,,,,,,,,,,,,,,,,,,,,,,
199324,A3PYFNAED6X1BL,CONTROL,2,high,3,OVERLAY,5A_doc,spy_lead,trays,mailroom,fax,office,conference,shredder,out,,,,,,,,,,,,,,,,,,,,,,,,,,,,,,,,
199324,A3PYFNAED6X1BL,CONTROL,2,high,5,OVERLAY,10A_doc,spy_lead,trays,mailroom,fax,office,conference,shredder,out,,,,,,,,,,,,,,,,,,,,,,,,,,,,,,,,
199328,A1RV2LERVS0A4H,CONTROL,1,low,5,OVERLAY,9A_doc,spy_lead,trays,mailroom,fax,trays,out,,,,,,,,,,,,,,,,,,,,,,,,,,,,,,,,,,
199328,A1RV2LERVS0A4H,CONTROL,1,low,3,OVERLAY,6A_doc,spy_lead,trays,mailroom,fax,office,conference,shredder,out,,,,,,,,,,,,,,,,,,,,,,,,,,,,,,,,
199328,A1RV2LERVS0A4H,CONTROL,1,low,4,OVERLAY,7A_doc,spy_lead,trays,mailroom,fax,trays,out,,,,,,,,,,,,,,,,,,,,,,,,,,,,,,,,,,
199328,A1RV2LERVS0A4H,CONTROL,1,low,4,OVERLAY,8A_doc,spy_lead,trays,mailroom,fax,trays,out,,,,,,,,,,,,,,,,,,,,,,,,,,,,,,,,,,
199328,A1RV2LERVS0A4H,CONTROL,1,low,2,OVERLAY,3A_doc,spy_lead,trays,mailroom,fax,office,conference,office,folder,office,mailroom,trays,out,,,,,,,,,,,,,,,,,,,,,,,,,,,,
199328,A1RV2LERVS0A4H,CONTROL,1,low,3,OVERLAY,5A_doc,spy_lead,trays,mailroom,fax,office,conference,shredder,out,,,,,,,,,,,,,,,,,,,,,,,,,,,,,,,,
199328,A1RV2LERVS0A4H,CONTROL,1,low,5,OVERLAY,10A_doc,spy_lead,trays,mailroom,fax,office,mailroom,trays,out,,,,,,,,,,,,,,,,,,,,,,,,,,,,,,,,
199328,A1RV2LERVS0A4H,CONTROL,1,low,2,OVERLAY,4A_doc,spy_lead,trays,mailroom,fax,trays,mailroom,trays,mailroom,trays,out,,,,,,,,,,,,,,,,,,,,,,,,,,,,,,
199329,A3VBAQB2WO36Q1,CONTROL,1,high,1,OVERLAY,police_smithsonian_report,spy_lead,trays,mailroom,office,folder,office,folder,report,,,,,,,,,,,,,,,,,,,,,,,,,,,,,,,,
199329,A3VBAQB2WO36Q1,CONTROL,1,high,1,OVERLAY,mfa_security,spy_lead,trays,mailroom,trays,mailroom,office,folder,report,,,,,,,,,,,,,,,,,,,,,,,,,,,,,,,,
199329,A3VBAQB2WO36Q1,CONTROL,1,high,5,OVERLAY,9A_doc,spy_lead,trays,mailroom,fax,office,conference,shredder,out,,,,,,,,,,,,,,,,,,,,,,,,,,,,,,,,
199329,A3VBAQB2WO36Q1,CONTROL,1,high,3,OVERLAY,6A_doc,spy_lead,trays,mailroom,office,conference,shredder,out,,,,,,,,,,,,,,,,,,,,,,,,,,,,,,,,,
199329,A3VBAQB2WO36Q1,CONTROL,1,high,4,OVERLAY,7A_doc,spy_lead,trays,mailroom,fax,office,conference,shredder,out,,,,,,,,,,,,,,,,,,,,,,,,,,,,,,,,
199329,A3VBAQB2WO36Q1,CONTROL,1,high,4,OVERLAY,8A_doc,spy_lead,trays,mailroom,office,conference,office,mailroom,fax,office,conference,shredder,out,,,,,,,,,,,,,,,,,,,,,,,,,,,,
199329,A3VBAQB2WO36Q1,CONTROL,1,high,2,OVERLAY,3A_doc,spy_lead,trays,mailroom,fax,office,folder,report,,,,,,,,,,,,,,,,,,,,,,,,,,,,,,,,,
199329,A3VBAQB2WO36Q1,CONTROL,1,high,3,OVERLAY,5A_doc,spy_lead,trays,mailroom,fax,office,folder,report,,,,,,,,,,,,,,,,,,,,,,,,,,,,,,,,,
199329,A3VBAQB2WO36Q1,CONTROL,1,high,5,OVERLAY,10A_doc,spy_lead,trays,mailroom,fax,office,conference,shredder,out,,,,,,,,,,,,,,,,,,,,,,,,,,,,,,,,
199329,A3VBAQB2WO36Q1,CONTROL,1,high,2,OVERLAY,4A_doc,spy_lead,trays,mailroom,fax,office,folder,report,,,,,,,,,,,,,,,,,,,,,,,,,,,,,,,,,
199342,A360G7Q6RO5XRL,CONTROL,2,low,5,OVERLAY,9A_doc,spy_lead,trays,mailroom,fax,trays,out,,,,,,,,,,,,,,,,,,,,,,,,,,,,,,,,,,
199342,A360G7Q6RO5XRL,CONTROL,2,low,3,OVERLAY,6A_doc,spy_lead,trays,mailroom,fax,trays,out,,,,,,,,,,,,,,,,,,,,,,,,,,,,,,,,,,
199342,A360G7Q6RO5XRL,CONTROL,2,low,4,OVERLAY,7A_doc,spy_lead,trays,mailroom,fax,trays,out,,,,,,,,,,,,,,,,,,,,,,,,,,,,,,,,,,
199342,A360G7Q6RO5XRL,CONTROL,2,low,4,OVERLAY,8A_doc,spy_lead,trays,mailroom,fax,trays,out,,,,,,,,,,,,,,,,,,,,,,,,,,,,,,,,,,
199342,A360G7Q6RO5XRL,CONTROL,2,low,2,OVERLAY,3A_doc,spy_lead,trays,mailroom,fax,trays,out,,,,,,,,,,,,,,,,,,,,,,,,,,,,,,,,,,
199342,A360G7Q6RO5XRL,CONTROL,2,low,3,OVERLAY,5A_doc,spy_lead,trays,mailroom,fax,trays,out,,,,,,,,,,,,,,,,,,,,,,,,,,,,,,,,,,
199342,A360G7Q6RO5XRL,CONTROL,2,low,5,OVERLAY,10A_doc,spy_lead,trays,mailroom,fax,trays,out,,,,,,,,,,,,,,,,,,,,,,,,,,,,,,,,,,
199342,A360G7Q6RO5XRL,CONTROL,2,low,2,OVERLAY,4A_doc,spy_lead,trays,mailroom,trays,mailroom,office,mailroom,trays,out,,,,,,,,,,,,,,,,,,,,,,,,,,,,,,,
199351,A35D31QHYQUF9V,CONTROL,2,low,5,OVERLAY,9A_doc,spy_lead,trays,mailroom,fax,trays,out,,,,,,,,,,,,,,,,,,,,,,,,,,,,,,,,,,
199351,A35D31QHYQUF9V,CONTROL,2,low,3,OVERLAY,6A_doc,spy_lead,trays,mailroom,office,conference,office,conference,office,mailroom,fax,office,folder,report,,,,,,,,,,,,,,,,,,,,,,,,,,,
199351,A35D31QHYQUF9V,CONTROL,2,low,4,OVERLAY,7A_doc,spy_lead,trays,mailroom,fax,trays,out,,,,,,,,,,,,,,,,,,,,,,,,,,,,,,,,,,
199351,A35D31QHYQUF9V,CONTROL,2,low,4,OVERLAY,8A_doc,spy_lead,trays,mailroom,fax,office,conference,office,mailroom,trays,out,,,,,,,,,,,,,,,,,,,,,,,,,,,,,,
199351,A35D31QHYQUF9V,CONTROL,2,low,3,OVERLAY,5A_doc,spy_lead,trays,mailroom,office,conference,office,mailroom,office,conference,office,folder,report,,,,,,,,,,,,,,,,,,,,,,,,,,,,
199351,A35D31QHYQUF9V,CONTROL,2,low,5,OVERLAY,10A_doc,spy_lead,trays,mailroom,fax,trays,out,,,,,,,,,,,,,,,,,,,,,,,,,,,,,,,,,,
199368,A1ELSQD3B8GFGP,SPY,1,high,3,OVERLAY,6A_doc,spy_lead,trays,mailroom,fax,trays,mailroom,office,conference,shredder,out,,,,,,,,,,,,,,,,,,,,,,,,,,,,,,
199368,A1ELSQD3B8GFGP,SPY,1,high,4,OVERLAY,7A_doc,spy_lead,trays,mailroom,fax,office,conference,shredder,out,,,,,,,,,,,,,,,,,,,,,,,,,,,,,,,,
199368,A1ELSQD3B8GFGP,SPY,1,high,4,OVERLAY,8A_doc,spy_lead,trays,mailroom,fax,office,conference,shredder,out,,,,,,,,,,,,,,,,,,,,,,,,,,,,,,,,
199391,A2G7N0X0PNX0EE,CONTROL,2,high,5,OVERLAY,9A_doc,spy_lead,trays,mailroom,fax,office,mailroom,trays,out,,,,,,,,,,,,,,,,,,,,,,,,,,,,,,,,
199391,A2G7N0X0PNX0EE,CONTROL,2,high,3,OVERLAY,6A_doc,spy_lead,trays,mailroom,fax,office,folder,report,,,,,,,,,,,,,,,,,,,,,,,,,,,,,,,,,
199391,A2G7N0X0PNX0EE,CONTROL,2,high,4,OVERLAY,7A_doc,spy_lead,trays,mailroom,fax,office,mailroom,trays,out,,,,,,,,,,,,,,,,,,,,,,,,,,,,,,,,
199391,A2G7N0X0PNX0EE,CONTROL,2,high,4,OVERLAY,8A_doc,spy_lead,trays,mailroom,fax,trays,out,,,,,,,,,,,,,,,,,,,,,,,,,,,,,,,,,,
199391,A2G7N0X0PNX0EE,CONTROL,2,high,3,OVERLAY,5A_doc,spy_lead,trays,mailroom,fax,trays,out,,,,,,,,,,,,,,,,,,,,,,,,,,,,,,,,,,
199391,A2G7N0X0PNX0EE,CONTROL,2,high,5,OVERLAY,10A_doc,spy_lead,trays,mailroom,fax,trays,out,,,,,,,,,,,,,,,,,,,,,,,,,,,,,,,,,,
199396,A16G6PPH1INQL8,CONTROL,1,low,1,OVERLAY,police_smithsonian_report,spy_lead,trays,mailroom,office,folder,office,mailroom,fax,office,folder,office,conference,office,mailroom,trays,out,,,,,,,,,,,,,,,,,,,,,,,,
199396,A16G6PPH1INQL8,CONTROL,1,low,1,OVERLAY,mfa_security,spy_lead,trays,mailroom,office,folder,office,mailroom,fax,office,folder,office,mailroom,trays,out,,,,,,,,,,,,,,,,,,,,,,,,,,
199396,A16G6PPH1INQL8,CONTROL,1,low,5,OVERLAY,9A_doc,spy_lead,trays,mailroom,fax,office,conference,office,folder,office,conference,shredder,out,,,,,,,,,,,,,,,,,,,,,,,,,,,,
199396,A16G6PPH1INQL8,CONTROL,1,low,3,OVERLAY,6A_doc,spy_lead,trays,mailroom,fax,office,conference,shredder,out,,,,,,,,,,,,,,,,,,,,,,,,,,,,,,,,
199396,A16G6PPH1INQL8,CONTROL,1,low,4,OVERLAY,7A_doc,spy_lead,trays,mailroom,fax,office,conference,shredder,out,,,,,,,,,,,,,,,,,,,,,,,,,,,,,,,,
199396,A16G6PPH1INQL8,CONTROL,1,low,4,OVERLAY,8A_doc,spy_lead,trays,mailroom,office,mailroom,fax,office,conference,shredder,out,,,,,,,,,,,,,,,,,,,,,,,,,,,,,,
199396,A16G6PPH1INQL8,CONTROL,1,low,3,OVERLAY,5A_doc,spy_lead,trays,mailroom,fax,office,conference,shredder,out,,,,,,,,,,,,,,,,,,,,,,,,,,,,,,,,
199396,A16G6PPH1INQL8,CONTROL,1,low,5,OVERLAY,10A_doc,spy_lead,trays,mailroom,fax,office,conference,office,folder,office,conference,shredder,out,,,,,,,,,,,,,,,,,,,,,,,,,,,,
199402,ABX5OQLR6UNBC,SPY,1,low,1,OVERLAY,police_smithsonian_report,spy_lead,trays,mailroom,fax,office,conference,shredder,out,,,,,,,,,,,,,,,,,,,,,,,,,,,,,,,,
199402,ABX5OQLR6UNBC,SPY,1,low,5,OVERLAY,9A_doc,spy_lead,trays,mailroom,office,conference,office,mailroom,fax,office,conference,shredder,out,,,,,,,,,,,,,,,,,,,,,,,,,,,,
199402,ABX5OQLR6UNBC,SPY,1,low,5,OVERLAY,10A_doc,spy_lead,trays,mailroom,fax,office,conference,shredder,out,,,,,,,,,,,,,,,,,,,,,,,,,,,,,,,,
199409,AA9V4NE8SOA4I,SPY,1,low,1,OVERLAY,police_smithsonian_report,spy_lead,trays,mailroom,fax,trays,mailroom,fax,trays,mailroom,fax,trays,mailroom,fax,office,conference,shredder,out,,,,,,,,,,,,,,,,,,,,,,,
199409,AA9V4NE8SOA4I,SPY,1,low,1,OVERLAY,mfa_security,spy_lead,trays,mailroom,fax,office,mailroom,trays,mailroom,office,conference,shredder,out,,,,,,,,,,,,,,,,,,,,,,,,,,,,
199409,AA9V4NE8SOA4I,SPY,1,low,3,OVERLAY,6A_doc,spy_lead,trays,mailroom,fax,trays,mailroom,trays,mailroom,trays,mailroom,fax,office,conference,shredder,out,,,,,,,,,,,,,,,,,,,,,,,,,
199409,AA9V4NE8SOA4I,SPY,1,low,4,OVERLAY,7A_doc,spy_lead,trays,mailroom,fax,office,conference,shredder,out,,,,,,,,,,,,,,,,,,,,,,,,,,,,,,,,
199409,AA9V4NE8SOA4I,SPY,1,low,4,OVERLAY,8A_doc,spy_lead,trays,mailroom,fax,office,conference,shredder,out,,,,,,,,,,,,,,,,,,,,,,,,,,,,,,,,
199409,AA9V4NE8SOA4I,SPY,1,low,2,OVERLAY,3A_doc,spy_lead,trays,mailroom,fax,trays,mailroom,fax,trays,mailroom,office,conference,shredder,out,,,,,,,,,,,,,,,,,,,,,,,,,,,
199409,AA9V4NE8SOA4I,SPY,1,low,3,OVERLAY,5A_doc,spy_lead,trays,mailroom,fax,trays,mailroom,office,conference,shredder,out,,,,,,,,,,,,,,,,,,,,,,,,,,,,,,
199409,AA9V4NE8SOA4I,SPY,1,low,2,OVERLAY,4A_doc,spy_lead,trays,mailroom,fax,trays,mailroom,fax,trays,mailroom,fax,trays,mailroom,office,conference,shredder,out,,,,,,,,,,,,,,,,,,,,,,,,
199413,A22ABLVEI5EGPL,SPY,1,high,1,OVERLAY,police_smithsonian_report,spy_lead,trays,mailroom,office,folder,office,mailroom,fax,office,conference,shredder,out,,,,,,,,,,,,,,,,,,,,,,,,,,,,
199413,A22ABLVEI5EGPL,SPY,1,high,1,OVERLAY,mfa_security,spy_lead,trays,mailroom,fax,office,conference,shredder,out,,,,,,,,,,,,,,,,,,,,,,,,,,,,,,,,
199413,A22ABLVEI5EGPL,SPY,1,high,5,OVERLAY,9A_doc,spy_lead,trays,mailroom,fax,office,conference,shredder,out,,,,,,,,,,,,,,,,,,,,,,,,,,,,,,,,
199413,A22ABLVEI5EGPL,SPY,1,high,4,OVERLAY,7A_doc,spy_lead,trays,mailroom,fax,office,conference,shredder,out,,,,,,,,,,,,,,,,,,,,,,,,,,,,,,,,
199413,A22ABLVEI5EGPL,SPY,1,high,2,OVERLAY,3A_doc,spy_lead,trays,mailroom,fax,office,conference,office,mailroom,office,conference,shredder,out,,,,,,,,,,,,,,,,,,,,,,,,,,,,
199413,A22ABLVEI5EGPL,SPY,1,high,3,OVERLAY,5A_doc,spy_lead,trays,mailroom,fax,office,conference,shredder,out,,,,,,,,,,,,,,,,,,,,,,,,,,,,,,,,
199413,A22ABLVEI5EGPL,SPY,1,high,5,OVERLAY,10A_doc,spy_lead,trays,mailroom,fax,office,conference,shredder,out,,,,,,,,,,,,,,,,,,,,,,,,,,,,,,,,
199413,A22ABLVEI5EGPL,SPY,1,high,2,OVERLAY,4A_doc,spy_lead,trays,mailroom,fax,office,conference,shredder,out,,,,,,,,,,,,,,,,,,,,,,,,,,,,,,,,
199418,A2M45YGLOWMO4N,CONTROL,2,low,5,OVERLAY,9A_doc,spy_lead,trays,mailroom,fax,office,folder,report,,,,,,,,,,,,,,,,,,,,,,,,,,,,,,,,,
199418,A2M45YGLOWMO4N,CONTROL,2,low,4,OVERLAY,7A_doc,spy_lead,trays,mailroom,fax,office,folder,report,,,,,,,,,,,,,,,,,,,,,,,,,,,,,,,,,
199418,A2M45YGLOWMO4N,CONTROL,2,low,4,OVERLAY,8A_doc,spy_lead,trays,mailroom,fax,trays,mailroom,office,folder,report,,,,,,,,,,,,,,,,,,,,,,,,,,,,,,,
199418,A2M45YGLOWMO4N,CONTROL,2,low,5,OVERLAY,10A_doc,spy_lead,trays,mailroom,fax,office,folder,report,,,,,,,,,,,,,,,,,,,,,,,,,,,,,,,,,
199422,A230GPTWWF3SE7,CONTROL,2,high,1,OVERLAY,police_smithsonian_report,spy_lead,trays,mailroom,fax,office,mailroom,trays,out,,,,,,,,,,,,,,,,,,,,,,,,,,,,,,,,
199422,A230GPTWWF3SE7,CONTROL,2,high,1,OVERLAY,mfa_security,spy_lead,trays,mailroom,fax,office,mailroom,trays,out,,,,,,,,,,,,,,,,,,,,,,,,,,,,,,,,
199422,A230GPTWWF3SE7,CONTROL,2,high,5,OVERLAY,9A_doc,spy_lead,trays,mailroom,fax,trays,out,,,,,,,,,,,,,,,,,,,,,,,,,,,,,,,,,,
199422,A230GPTWWF3SE7,CONTROL,2,high,4,OVERLAY,7A_doc,spy_lead,trays,mailroom,fax,trays,out,,,,,,,,,,,,,,,,,,,,,,,,,,,,,,,,,,
199422,A230GPTWWF3SE7,CONTROL,2,high,4,OVERLAY,8A_doc,spy_lead,trays,mailroom,fax,office,mailroom,trays,out,,,,,,,,,,,,,,,,,,,,,,,,,,,,,,,,
199422,A230GPTWWF3SE7,CONTROL,2,high,2,OVERLAY,3A_doc,spy_lead,trays,mailroom,fax,trays,out,,,,,,,,,,,,,,,,,,,,,,,,,,,,,,,,,,
199422,A230GPTWWF3SE7,CONTROL,2,high,5,OVERLAY,10A_doc,spy_lead,trays,mailroom,fax,trays,out,,,,,,,,,,,,,,,,,,,,,,,,,,,,,,,,,,
199422,A230GPTWWF3SE7,CONTROL,2,high,2,OVERLAY,4A_doc,spy_lead,trays,mailroom,fax,trays,out,,,,,,,,,,,,,,,,,,,,,,,,,,,,,,,,,,
199431,AKNYT1NTK2UFK,SPY,2,low,1,OVERLAY,police_smithsonian_report,spy_lead,trays,mailroom,fax,trays,out,,,,,,,,,,,,,,,,,,,,,,,,,,,,,,,,,,
199431,AKNYT1NTK2UFK,SPY,2,low,5,OVERLAY,9A_doc,spy_lead,trays,mailroom,fax,office,conference,shredder,out,,,,,,,,,,,,,,,,,,,,,,,,,,,,,,,,
199431,AKNYT1NTK2UFK,SPY,2,low,3,OVERLAY,6A_doc,spy_lead,trays,mailroom,fax,office,conference,office,folder,office,conference,shredder,out,,,,,,,,,,,,,,,,,,,,,,,,,,,,
199431,AKNYT1NTK2UFK,SPY,2,low,4,OVERLAY,7A_doc,spy_lead,trays,mailroom,fax,office,conference,shredder,out,,,,,,,,,,,,,,,,,,,,,,,,,,,,,,,,
199431,AKNYT1NTK2UFK,SPY,2,low,4,OVERLAY,8A_doc,spy_lead,trays,mailroom,fax,office,conference,shredder,out,,,,,,,,,,,,,,,,,,,,,,,,,,,,,,,,
199431,AKNYT1NTK2UFK,SPY,2,low,2,OVERLAY,3A_doc,spy_lead,trays,mailroom,fax,office,conference,shredder,out,,,,,,,,,,,,,,,,,,,,,,,,,,,,,,,,
199431,AKNYT1NTK2UFK,SPY,2,low,3,OVERLAY,5A_doc,spy_lead,trays,mailroom,fax,office,conference,shredder,out,,,,,,,,,,,,,,,,,,,,,,,,,,,,,,,,
199431,AKNYT1NTK2UFK,SPY,2,low,5,OVERLAY,10A_doc,spy_lead,trays,mailroom,fax,office,conference,shredder,out,,,,,,,,,,,,,,,,,,,,,,,,,,,,,,,,
199431,AKNYT1NTK2UFK,SPY,2,low,2,OVERLAY,4A_doc,spy_lead,trays,mailroom,fax,trays,mailroom,office,conference,shredder,out,,,,,,,,,,,,,,,,,,,,,,,,,,,,,,
199438,ANVXAMUEBGV8N,SPY,2,high,1,OVERLAY,police_smithsonian_report,spy_lead,trays,mailroom,fax,office,mailroom,office,conference,shredder,out,,,,,,,,,,,,,,,,,,,,,,,,,,,,,,
199438,ANVXAMUEBGV8N,SPY,2,high,5,OVERLAY,9A_doc,spy_lead,trays,mailroom,fax,office,conference,shredder,out,,,,,,,,,,,,,,,,,,,,,,,,,,,,,,,,
199438,ANVXAMUEBGV8N,SPY,2,high,2,OVERLAY,3A_doc,spy_lead,trays,mailroom,fax,office,mailroom,office,conference,office,folder,office,mailroom,office,conference,shredder,out,,,,,,,,,,,,,,,,,,,,,,,,
199438,ANVXAMUEBGV8N,SPY,2,high,2,OVERLAY,4A_doc,spy_lead,trays,mailroom,fax,trays,mailroom,office,mailroom,fax,office,mailroom,office,conference,shredder,out,,,,,,,,,,,,,,,,,,,,,,,,,
199453,A3R457FAWQXZN3,CONTROL,2,low,1,OVERLAY,police_smithsonian_report,spy_lead,trays,mailroom,fax,trays,out,,,,,,,,,,,,,,,,,,,,,,,,,,,,,,,,,,
199453,A3R457FAWQXZN3,CONTROL,2,low,1,OVERLAY,mfa_security,spy_lead,trays,mailroom,fax,office,out,,,,,,,,,,,,,,,,,,,,,,,,,,,,,,,,,,
199453,A3R457FAWQXZN3,CONTROL,2,low,5,OVERLAY,9A_doc,spy_lead,trays,mailroom,fax,office,conference,shredder,out,,,,,,,,,,,,,,,,,,,,,,,,,,,,,,,,
199453,A3R457FAWQXZN3,CONTROL,2,low,3,OVERLAY,6A_doc,spy_lead,trays,mailroom,fax,office,conference,shredder,out,,,,,,,,,,,,,,,,,,,,,,,,,,,,,,,,
199453,A3R457FAWQXZN3,CONTROL,2,low,4,OVERLAY,7A_doc,spy_lead,trays,mailroom,fax,office,conference,shredder,out,,,,,,,,,,,,,,,,,,,,,,,,,,,,,,,,
199453,A3R457FAWQXZN3,CONTROL,2,low,4,OVERLAY,8A_doc,spy_lead,trays,mailroom,fax,office,conference,shredder,out,,,,,,,,,,,,,,,,,,,,,,,,,,,,,,,,
199453,A3R457FAWQXZN3,CONTROL,2,low,3,OVERLAY,5A_doc,spy_lead,trays,mailroom,fax,office,conference,shredder,out,,,,,,,,,,,,,,,,,,,,,,,,,,,,,,,,
199453,A3R457FAWQXZN3,CONTROL,2,low,5,OVERLAY,10A_doc,spy_lead,trays,mailroom,fax,office,conference,shredder,out,,,,,,,,,,,,,,,,,,,,,,,,,,,,,,,,
199453,A3R457FAWQXZN3,CONTROL,2,low,2,OVERLAY,4A_doc,spy_lead,trays,mailroom,fax,office,mailroom,office,conference,office,folder,office,conference,shredder,out,,,,,,,,,,,,,,,,,,,,,,,,,,
199465,ANVAFB99K5RKP,SPY,1,high,5,OVERLAY,9A_doc,spy_lead,trays,mailroom,fax,office,conference,shredder,out,,,,,,,,,,,,,,,,,,,,,,,,,,,,,,,,
199465,ANVAFB99K5RKP,SPY,1,high,3,OVERLAY,6A_doc,spy_lead,trays,mailroom,fax,office,conference,shredder,out,,,,,,,,,,,,,,,,,,,,,,,,,,,,,,,,
199465,ANVAFB99K5RKP,SPY,1,high,4,OVERLAY,7A_doc,spy_lead,trays,mailroom,trays,mailroom,fax,office,conference,shredder,out,,,,,,,,,,,,,,,,,,,,,,,,,,,,,,
199465,ANVAFB99K5RKP,SPY,1,high,4,OVERLAY,8A_doc,spy_lead,trays,mailroom,fax,trays,mailroom,office,conference,shredder,out,,,,,,,,,,,,,,,,,,,,,,,,,,,,,,
199465,ANVAFB99K5RKP,SPY,1,high,2,OVERLAY,3A_doc,spy_lead,trays,mailroom,fax,trays,out,,,,,,,,,,,,,,,,,,,,,,,,,,,,,,,,,,
199465,ANVAFB99K5RKP,SPY,1,high,3,OVERLAY,5A_doc,spy_lead,trays,mailroom,fax,office,conference,shredder,out,,,,,,,,,,,,,,,,,,,,,,,,,,,,,,,,
199465,ANVAFB99K5RKP,SPY,1,high,5,OVERLAY,10A_doc,spy_lead,trays,mailroom,office,mailroom,fax,office,conference,shredder,out,,,,,,,,,,,,,,,,,,,,,,,,,,,,,,
199465,ANVAFB99K5RKP,SPY,1,high,2,OVERLAY,4A_doc,spy_lead,trays,mailroom,fax,trays,out,,,,,,,,,,,,,,,,,,,,,,,,,,,,,,,,,,
199506,A2TVJTQ4VXATE6,CONTROL,2,low,1,OVERLAY,police_smithsonian_report,spy_lead,trays,mailroom,fax,trays,mailroom,fax,office,folder,report,,,,,,,,,,,,,,,,,,,,,,,,,,,,,,
199506,A2TVJTQ4VXATE6,CONTROL,2,low,1,OVERLAY,mfa_security,spy_lead,trays,mailroom,fax,office,folder,report,,,,,,,,,,,,,,,,,,,,,,,,,,,,,,,,,
199506,A2TVJTQ4VXATE6,CONTROL,2,low,3,OVERLAY,6A_doc,spy_lead,trays,mailroom,trays,out,,,,,,,,,,,,,,,,,,,,,,,,,,,,,,,,,,,
199506,A2TVJTQ4VXATE6,CONTROL,2,low,4,OVERLAY,7A_doc,spy_lead,trays,mailroom,trays,out,,,,,,,,,,,,,,,,,,,,,,,,,,,,,,,,,,,
199506,A2TVJTQ4VXATE6,CONTROL,2,low,3,OVERLAY,5A_doc,spy_lead,trays,mailroom,fax,office,folder,report,,,,,,,,,,,,,,,,,,,,,,,,,,,,,,,,,
199516,A33LYSCQQU1YDJ,CONTROL,1,low,1,OVERLAY,police_smithsonian_report,spy_lead,trays,mailroom,fax,trays,mailroom,trays,mailroom,fax,office,conference,shredder,out,,,,,,,,,,,,,,,,,,,,,,,,,,,
199516,A33LYSCQQU1YDJ,CONTROL,1,low,1,OVERLAY,mfa_security,spy_lead,trays,mailroom,fax,office,conference,shredder,out,,,,,,,,,,,,,,,,,,,,,,,,,,,,,,,,
199516,A33LYSCQQU1YDJ,CONTROL,1,low,5,OVERLAY,9A_doc,spy_lead,trays,mailroom,fax,office,conference,office,folder,report,,,,,,,,,,,,,,,,,,,,,,,,,,,,,,,
199516,A33LYSCQQU1YDJ,CONTROL,1,low,4,OVERLAY,7A_doc,spy_lead,trays,mailroom,fax,office,conference,shredder,out,,,,,,,,,,,,,,,,,,,,,,,,,,,,,,,,
199516,A33LYSCQQU1YDJ,CONTROL,1,low,4,OVERLAY,8A_doc,spy_lead,trays,mailroom,fax,office,conference,shredder,out,,,,,,,,,,,,,,,,,,,,,,,,,,,,,,,,
199516,A33LYSCQQU1YDJ,CONTROL,1,low,2,OVERLAY,3A_doc,spy_lead,trays,mailroom,fax,office,conference,office,folder,office,conference,shredder,out,,,,,,,,,,,,,,,,,,,,,,,,,,,,
199533,AYKZ9H4BNW810,CONTROL,2,low,1,OVERLAY,police_smithsonian_report,spy_lead,trays,mailroom,fax,office,folder,office,conference,shredder,out,,,,,,,,,,,,,,,,,,,,,,,,,,,,,,
199533,AYKZ9H4BNW810,CONTROL,2,low,1,OVERLAY,mfa_security,spy_lead,trays,mailroom,fax,office,folder,office,conference,shredder,out,,,,,,,,,,,,,,,,,,,,,,,,,,,,,,
199533,AYKZ9H4BNW810,CONTROL,2,low,5,OVERLAY,9A_doc,spy_lead,trays,mailroom,office,folder,office,mailroom,fax,office,conference,shredder,out,,,,,,,,,,,,,,,,,,,,,,,,,,,,
199533,AYKZ9H4BNW810,CONTROL,2,low,3,OVERLAY,6A_doc,spy_lead,trays,mailroom,fax,office,conference,shredder,out,,,,,,,,,,,,,,,,,,,,,,,,,,,,,,,,
199533,AYKZ9H4BNW810,CONTROL,2,low,4,OVERLAY,7A_doc,spy_lead,trays,mailroom,fax,office,conference,shredder,out,,,,,,,,,,,,,,,,,,,,,,,,,,,,,,,,
199533,AYKZ9H4BNW810,CONTROL,2,low,4,OVERLAY,8A_doc,spy_lead,trays,mailroom,office,folder,office,mailroom,fax,trays,mailroom,office,conference,shredder,out,,,,,,,,,,,,,,,,,,,,,,,,,,
199533,AYKZ9H4BNW810,CONTROL,2,low,2,OVERLAY,3A_doc,spy_lead,trays,mailroom,fax,office,conference,office,folder,office,conference,shredder,out,,,,,,,,,,,,,,,,,,,,,,,,,,,,
199533,AYKZ9H4BNW810,CONTROL,2,low,3,OVERLAY,5A_doc,spy_lead,trays,mailroom,fax,office,conference,shredder,out,,,,,,,,,,,,,,,,,,,,,,,,,,,,,,,,
199533,AYKZ9H4BNW810,CONTROL,2,low,5,OVERLAY,10A_doc,spy_lead,trays,mailroom,office,folder,office,mailroom,fax,office,conference,shredder,out,,,,,,,,,,,,,,,,,,,,,,,,,,,,
199533,AYKZ9H4BNW810,CONTROL,2,low,2,OVERLAY,4A_doc,spy_lead,trays,mailroom,fax,office,conference,shredder,out,,,,,,,,,,,,,,,,,,,,,,,,,,,,,,,,
199536,A74PT3GRDMEZ,SPY,2,low,5,OVERLAY,9A_doc,spy_lead,trays,mailroom,fax,office,conference,shredder,out,,,,,,,,,,,,,,,,,,,,,,,,,,,,,,,,
199536,A74PT3GRDMEZ,SPY,2,low,3,OVERLAY,6A_doc,spy_lead,trays,mailroom,office,folder,office,mailroom,fax,office,conference,office,mailroom,office,mailroom,office,folder,office,conference,shredder,out,,,,,,,,,,,,,,,,,,,,
199536,A74PT3GRDMEZ,SPY,2,low,4,OVERLAY,7A_doc,spy_lead,trays,mailroom,fax,office,conference,shredder,out,,,,,,,,,,,,,,,,,,,,,,,,,,,,,,,,
199536,A74PT3GRDMEZ,SPY,2,low,4,OVERLAY,8A_doc,spy_lead,trays,mailroom,fax,office,conference,shredder,out,,,,,,,,,,,,,,,,,,,,,,,,,,,,,,,,
199536,A74PT3GRDMEZ,SPY,2,low,3,OVERLAY,5A_doc,spy_lead,trays,mailroom,trays,mailroom,trays,mailroom,office,folder,office,mailroom,fax,office,folder,office,conference,shredder,out,,,,,,,,,,,,,,,,,,,,,,
199536,A74PT3GRDMEZ,SPY,2,low,5,OVERLAY,10A_doc,spy_lead,trays,mailroom,trays,mailroom,fax,office,conference,shredder,out,,,,,,,,,,,,,,,,,,,,,,,,,,,,,,
199544,AB66CTVQ90RCV,SPY,1,low,5,OVERLAY,9A_doc,spy_lead,trays,mailroom,fax,trays,mailroom,office,conference,office,mailroom,trays,mailroom,office,conference,shredder,out,,,,,,,,,,,,,,,,,,,,,,,,
199544,AB66CTVQ90RCV,SPY,1,low,3,OVERLAY,6A_doc,spy_lead,trays,mailroom,office,conference,shredder,out,,,,,,,,,,,,,,,,,,,,,,,,,,,,,,,,,
199544,AB66CTVQ90RCV,SPY,1,low,4,OVERLAY,7A_doc,spy_lead,trays,mailroom,fax,office,conference,shredder,out,,,,,,,,,,,,,,,,,,,,,,,,,,,,,,,,
199544,AB66CTVQ90RCV,SPY,1,low,4,OVERLAY,8A_doc,spy_lead,trays,mailroom,fax,trays,mailroom,office,conference,shredder,out,,,,,,,,,,,,,,,,,,,,,,,,,,,,,,
199544,AB66CTVQ90RCV,SPY,1,low,2,OVERLAY,3A_doc,spy_lead,trays,mailroom,fax,office,conference,shredder,out,,,,,,,,,,,,,,,,,,,,,,,,,,,,,,,,
199544,AB66CTVQ90RCV,SPY,1,low,3,OVERLAY,5A_doc,spy_lead,trays,mailroom,fax,office,conference,shredder,out,,,,,,,,,,,,,,,,,,,,,,,,,,,,,,,,
199544,AB66CTVQ90RCV,SPY,1,low,5,OVERLAY,10A_doc,spy_lead,trays,mailroom,fax,office,conference,office,mailroom,trays,mailroom,office,conference,office,mailroom,trays,mailroom,fax,office,conference,shredder,out,,,,,,,,,,,,,,,,,,,
199544,AB66CTVQ90RCV,SPY,1,low,2,OVERLAY,4A_doc,spy_lead,trays,mailroom,fax,office,conference,shredder,out,,,,,,,,,,,,,,,,,,,,,,,,,,,,,,,,
199552,AADDOP3FHMAV1,SPY,1,high,5,OVERLAY,9A_doc,spy_lead,trays,mailroom,fax,office,conference,office,folder,office,conference,shredder,out,,,,,,,,,,,,,,,,,,,,,,,,,,,,
199552,AADDOP3FHMAV1,SPY,1,high,3,OVERLAY,6A_doc,spy_lead,trays,mailroom,trays,mailroom,fax,office,conference,shredder,out,,,,,,,,,,,,,,,,,,,,,,,,,,,,,,
199552,AADDOP3FHMAV1,SPY,1,high,4,OVERLAY,7A_doc,spy_lead,trays,mailroom,fax,office,conference,shredder,out,,,,,,,,,,,,,,,,,,,,,,,,,,,,,,,,
199552,AADDOP3FHMAV1,SPY,1,high,4,OVERLAY,8A_doc,spy_lead,trays,mailroom,fax,office,conference,shredder,out,,,,,,,,,,,,,,,,,,,,,,,,,,,,,,,,
199552,AADDOP3FHMAV1,SPY,1,high,2,OVERLAY,3A_doc,spy_lead,trays,mailroom,fax,office,conference,shredder,out,,,,,,,,,,,,,,,,,,,,,,,,,,,,,,,,
199552,AADDOP3FHMAV1,SPY,1,high,3,OVERLAY,5A_doc,spy_lead,trays,mailroom,fax,trays,mailroom,fax,office,conference,shredder,out,,,,,,,,,,,,,,,,,,,,,,,,,,,,,
199552,AADDOP3FHMAV1,SPY,1,high,5,OVERLAY,10A_doc,spy_lead,trays,mailroom,fax,office,folder,office,conference,shredder,out,,,,,,,,,,,,,,,,,,,,,,,,,,,,,,
199552,AADDOP3FHMAV1,SPY,1,high,2,OVERLAY,4A_doc,spy_lead,trays,mailroom,fax,trays,mailroom,office,conference,shredder,out,,,,,,,,,,,,,,,,,,,,,,,,,,,,,,
199553,A13R58FYOMTJKQ,CONTROL,1,high,4,OVERLAY,7A_doc,spy_lead,trays,mailroom,office,conference,office,mailroom,fax,trays,mailroom,office,conference,shredder,out,,,,,,,,,,,,,,,,,,,,,,,,,,
199553,A13R58FYOMTJKQ,CONTROL,1,high,2,OVERLAY,3A_doc,spy_lead,trays,mailroom,fax,trays,out,,,,,,,,,,,,,,,,,,,,,,,,,,,,,,,,,,
199553,A13R58FYOMTJKQ,CONTROL,1,high,3,OVERLAY,5A_doc,spy_lead,trays,mailroom,fax,trays,mailroom,fax,trays,out,,,,,,,,,,,,,,,,,,,,,,,,,,,,,,,
199553,A13R58FYOMTJKQ,CONTROL,1,high,2,OVERLAY,4A_doc,spy_lead,trays,mailroom,trays,out,,,,,,,,,,,,,,,,,,,,,,,,,,,,,,,,,,,
199586,A3EJ44J2ZNRMDA,SPY,1,high,1,OVERLAY,police_smithsonian_report,spy_lead,trays,mailroom,office,conference,office,folder,office,conference,shredder,out,,,,,,,,,,,,,,,,,,,,,,,,,,,,,
199586,A3EJ44J2ZNRMDA,SPY,1,high,1,OVERLAY,mfa_security,spy_lead,trays,mailroom,fax,office,conference,shredder,out,,,,,,,,,,,,,,,,,,,,,,,,,,,,,,,,
199586,A3EJ44J2ZNRMDA,SPY,1,high,5,OVERLAY,9A_doc,spy_lead,trays,mailroom,fax,trays,mailroom,office,conference,office,folder,report,,,,,,,,,,,,,,,,,,,,,,,,,,,,,
199586,A3EJ44J2ZNRMDA,SPY,1,high,3,OVERLAY,6A_doc,spy_lead,trays,mailroom,fax,office,conference,shredder,out,,,,,,,,,,,,,,,,,,,,,,,,,,,,,,,,
199586,A3EJ44J2ZNRMDA,SPY,1,high,4,OVERLAY,7A_doc,spy_lead,trays,mailroom,fax,trays,mailroom,office,conference,shredder,out,,,,,,,,,,,,,,,,,,,,,,,,,,,,,,
199586,A3EJ44J2ZNRMDA,SPY,1,high,4,OVERLAY,8A_doc,spy_lead,trays,mailroom,fax,office,conference,shredder,out,,,,,,,,,,,,,,,,,,,,,,,,,,,,,,,,
199586,A3EJ44J2ZNRMDA,SPY,1,high,2,OVERLAY,3A_doc,spy_lead,trays,mailroom,fax,office,conference,shredder,out,,,,,,,,,,,,,,,,,,,,,,,,,,,,,,,,
199586,A3EJ44J2ZNRMDA,SPY,1,high,3,OVERLAY,5A_doc,spy_lead,trays,mailroom,fax,trays,mailroom,office,conference,office,folder,office,conference,shredder,out,,,,,,,,,,,,,,,,,,,,,,,,,,
199586,A3EJ44J2ZNRMDA,SPY,1,high,5,OVERLAY,10A_doc,spy_lead,trays,mailroom,fax,office,conference,shredder,out,,,,,,,,,,,,,,,,,,,,,,,,,,,,,,,,
199586,A3EJ44J2ZNRMDA,SPY,1,high,2,OVERLAY,4A_doc,spy_lead,trays,mailroom,fax,trays,mailroom,office,conference,shredder,out,,,,,,,,,,,,,,,,,,,,,,,,,,,,,,
199597,A3JTDNRJYVCGQD,CONTROL,2,low,1,OVERLAY,police_smithsonian_report,spy_lead,trays,mailroom,trays,mailroom,fax,trays,mailroom,fax,trays,out,,,,,,,,,,,,,,,,,,,,,,,,,,,,,
199597,A3JTDNRJYVCGQD,CONTROL,2,low,1,OVERLAY,mfa_security,spy_lead,trays,mailroom,trays,mailroom,fax,trays,mailroom,fax,trays,mailroom,fax,trays,out,,,,,,,,,,,,,,,,,,,,,,,,,,
199597,A3JTDNRJYVCGQD,CONTROL,2,low,5,OVERLAY,9A_doc,spy_lead,trays,mailroom,fax,office,mailroom,trays,out,,,,,,,,,,,,,,,,,,,,,,,,,,,,,,,,
199597,A3JTDNRJYVCGQD,CONTROL,2,low,3,OVERLAY,6A_doc,spy_lead,trays,mailroom,fax,office,mailroom,trays,out,,,,,,,,,,,,,,,,,,,,,,,,,,,,,,,,
199597,A3JTDNRJYVCGQD,CONTROL,2,low,4,OVERLAY,7A_doc,spy_lead,trays,mailroom,fax,trays,mailroom,office,conference,office,mailroom,trays,out,,,,,,,,,,,,,,,,,,,,,,,,,,,,
199597,A3JTDNRJYVCGQD,CONTROL,2,low,4,OVERLAY,8A_doc,spy_lead,trays,mailroom,office,conference,office,mailroom,trays,mailroom,fax,office,conference,office,mailroom,trays,out,,,,,,,,,,,,,,,,,,,,,,,,
199597,A3JTDNRJYVCGQD,CONTROL,2,low,2,OVERLAY,3A_doc,spy_lead,trays,mailroom,fax,trays,out,,,,,,,,,,,,,,,,,,,,,,,,,,,,,,,,,,
199597,A3JTDNRJYVCGQD,CONTROL,2,low,3,OVERLAY,5A_doc,spy_lead,trays,mailroom,fax,trays,out,,,,,,,,,,,,,,,,,,,,,,,,,,,,,,,,,,
199597,A3JTDNRJYVCGQD,CONTROL,2,low,5,OVERLAY,10A_doc,spy_lead,trays,mailroom,fax,trays,out,,,,,,,,,,,,,,,,,,,,,,,,,,,,,,,,,,
199661,ANFWGSQ8BQRZ,SPY,2,low,1,OVERLAY,police_smithsonian_report,spy_lead,trays,mailroom,fax,trays,mailroom,office,conference,office,folder,office,conference,office,folder,office,conference,office,folder,office,conference,shredder,out,,,,,,,,,,,,,,,,,,
199661,ANFWGSQ8BQRZ,SPY,2,low,1,OVERLAY,mfa_security,spy_lead,trays,mailroom,fax,office,conference,shredder,out,,,,,,,,,,,,,,,,,,,,,,,,,,,,,,,,
199661,ANFWGSQ8BQRZ,SPY,2,low,5,OVERLAY,9A_doc,spy_lead,trays,mailroom,fax,office,conference,office,conference,shredder,out,,,,,,,,,,,,,,,,,,,,,,,,,,,,,,
199661,ANFWGSQ8BQRZ,SPY,2,low,3,OVERLAY,6A_doc,spy_lead,trays,mailroom,fax,office,conference,shredder,out,,,,,,,,,,,,,,,,,,,,,,,,,,,,,,,,
199661,ANFWGSQ8BQRZ,SPY,2,low,4,OVERLAY,7A_doc,spy_lead,trays,mailroom,fax,office,conference,shredder,out,,,,,,,,,,,,,,,,,,,,,,,,,,,,,,,,
199661,ANFWGSQ8BQRZ,SPY,2,low,4,OVERLAY,8A_doc,spy_lead,trays,mailroom,fax,trays,mailroom,office,conference,shredder,out,,,,,,,,,,,,,,,,,,,,,,,,,,,,,,
199661,ANFWGSQ8BQRZ,SPY,2,low,2,OVERLAY,3A_doc,spy_lead,trays,mailroom,fax,office,conference,office,folder,office,conference,office,folder,office,conference,shredder,out,,,,,,,,,,,,,,,,,,,,,,,,
199661,ANFWGSQ8BQRZ,SPY,2,low,3,OVERLAY,5A_doc,spy_lead,trays,mailroom,fax,trays,mailroom,office,conference,shredder,out,,,,,,,,,,,,,,,,,,,,,,,,,,,,,,
199661,ANFWGSQ8BQRZ,SPY,2,low,5,OVERLAY,10A_doc,spy_lead,trays,mailroom,fax,office,conference,shredder,out,,,,,,,,,,,,,,,,,,,,,,,,,,,,,,,,
199661,ANFWGSQ8BQRZ,SPY,2,low,2,OVERLAY,4A_doc,spy_lead,trays,mailroom,fax,office,conference,shredder,out,,,,,,,,,,,,,,,,,,,,,,,,,,,,,,,,
199673,A3JP7DIFRS0ZBY,CONTROL,1,low,5,OVERLAY,9A_doc,spy_lead,trays,mailroom,fax,office,conference,office,folder,office,conference,shredder,out,,,,,,,,,,,,,,,,,,,,,,,,,,,,
199673,A3JP7DIFRS0ZBY,CONTROL,1,low,4,OVERLAY,7A_doc,spy_lead,trays,mailroom,trays,mailroom,office,folder,office,mailroom,fax,office,folder,office,conference,shredder,out,,,,,,,,,,,,,,,,,,,,,,,,
199673,A3JP7DIFRS0ZBY,CONTROL,1,low,4,OVERLAY,8A_doc,spy_lead,trays,mailroom,office,folder,office,mailroom,fax,office,conference,shredder,out,,,,,,,,,,,,,,,,,,,,,,,,,,,,
199673,A3JP7DIFRS0ZBY,CONTROL,1,low,3,OVERLAY,5A_doc,spy_lead,trays,mailroom,fax,office,conference,shredder,out,,,,,,,,,,,,,,,,,,,,,,,,,,,,,,,,
199673,A3JP7DIFRS0ZBY,CONTROL,1,low,5,OVERLAY,10A_doc,spy_lead,trays,mailroom,fax,office,conference,office,folder,office,conference,shredder,out,,,,,,,,,,,,,,,,,,,,,,,,,,,,
199677,AL83KKXUORS9Y,SPY,2,low,5,OVERLAY,9A_doc,spy_lead,trays,mailroom,office,conference,shredder,out,,,,,,,,,,,,,,,,,,,,,,,,,,,,,,,,,
199677,AL83KKXUORS9Y,SPY,2,low,4,OVERLAY,7A_doc,spy_lead,trays,mailroom,fax,trays,mailroom,office,conference,shredder,out,,,,,,,,,,,,,,,,,,,,,,,,,,,,,,
199677,AL83KKXUORS9Y,SPY,2,low,4,OVERLAY,8A_doc,spy_lead,trays,mailroom,fax,trays,mailroom,office,conference,shredder,out,,,,,,,,,,,,,,,,,,,,,,,,,,,,,,
199677,AL83KKXUORS9Y,SPY,2,low,2,OVERLAY,3A_doc,spy_lead,trays,mailroom,fax,trays,mailroom,office,folder,office,conference,shredder,out,,,,,,,,,,,,,,,,,,,,,,,,,,,,
199677,AL83KKXUORS9Y,SPY,2,low,3,OVERLAY,5A_doc,spy_lead,trays,mailroom,fax,office,conference,shredder,out,,,,,,,,,,,,,,,,,,,,,,,,,,,,,,,,
199677,AL83KKXUORS9Y,SPY,2,low,5,OVERLAY,10A_doc,spy_lead,trays,mailroom,office,conference,office,mailroom,office,conference,shredder,out,,,,,,,,,,,,,,,,,,,,,,,,,,,,,
199677,AL83KKXUORS9Y,SPY,2,low,2,OVERLAY,4A_doc,spy_lead,trays,mailroom,office,mailroom,fax,trays,mailroom,office,conference,shredder,out,,,,,,,,,,,,,,,,,,,,,,,,,,,,
199694,A15V8K8M4TXT9Y,SPY,2,high,1,OVERLAY,police_smithsonian_report,spy_lead,trays,mailroom,fax,trays,mailroom,office,conference,office,mailroom,trays,mailroom,office,conference,shredder,out,,,,,,,,,,,,,,,,,,,,,,,,
199694,A15V8K8M4TXT9Y,SPY,2,high,1,OVERLAY,mfa_security,spy_lead,trays,mailroom,fax,office,conference,office,mailroom,trays,mailroom,office,folder,office,folder,office,conference,shredder,out,,,,,,,,,,,,,,,,,,,,,,
199694,A15V8K8M4TXT9Y,SPY,2,high,5,OVERLAY,9A_doc,spy_lead,trays,mailroom,fax,trays,mailroom,office,conference,shredder,out,,,,,,,,,,,,,,,,,,,,,,,,,,,,,,
199694,A15V8K8M4TXT9Y,SPY,2,high,3,OVERLAY,6A_doc,spy_lead,trays,mailroom,fax,trays,mailroom,office,conference,shredder,out,,,,,,,,,,,,,,,,,,,,,,,,,,,,,,
199694,A15V8K8M4TXT9Y,SPY,2,high,4,OVERLAY,7A_doc,spy_lead,trays,mailroom,fax,office,conference,shredder,out,,,,,,,,,,,,,,,,,,,,,,,,,,,,,,,,
199694,A15V8K8M4TXT9Y,SPY,2,high,4,OVERLAY,8A_doc,spy_lead,trays,mailroom,fax,office,conference,shredder,out,,,,,,,,,,,,,,,,,,,,,,,,,,,,,,,,
199694,A15V8K8M4TXT9Y,SPY,2,high,2,OVERLAY,3A_doc,spy_lead,trays,mailroom,fax,trays,mailroom,office,folder,office,conference,shredder,out,,,,,,,,,,,,,,,,,,,,,,,,,,,,
199694,A15V8K8M4TXT9Y,SPY,2,high,3,OVERLAY,5A_doc,spy_lead,trays,mailroom,fax,office,conference,shredder,out,,,,,,,,,,,,,,,,,,,,,,,,,,,,,,,,
199694,A15V8K8M4TXT9Y,SPY,2,high,5,OVERLAY,10A_doc,spy_lead,trays,mailroom,fax,office,conference,shredder,out,,,,,,,,,,,,,,,,,,,,,,,,,,,,,,,,
199694,A15V8K8M4TXT9Y,SPY,2,high,2,OVERLAY,4A_doc,spy_lead,trays,mailroom,fax,trays,mailroom,office,folder,office,conference,shredder,out,,,,,,,,,,,,,,,,,,,,,,,,,,,,
199746,A3GEL5PWFIK05S,CONTROL,1,high,5,OVERLAY,9A_doc,spy_lead,trays,mailroom,fax,office,conference,office,folder,office,conference,office,folder,office,conference,shredder,out,,,,,,,,,,,,,,,,,,,,,,,,
199746,A3GEL5PWFIK05S,CONTROL,1,high,3,OVERLAY,6A_doc,spy_lead,trays,mailroom,office,conference,office,mailroom,fax,office,conference,shredder,out,,,,,,,,,,,,,,,,,,,,,,,,,,,,
199746,A3GEL5PWFIK05S,CONTROL,1,high,4,OVERLAY,7A_doc,spy_lead,trays,mailroom,fax,office,conference,shredder,out,,,,,,,,,,,,,,,,,,,,,,,,,,,,,,,,
199746,A3GEL5PWFIK05S,CONTROL,1,high,4,OVERLAY,8A_doc,spy_lead,trays,mailroom,office,mailroom,fax,trays,mailroom,office,conference,shredder,out,,,,,,,,,,,,,,,,,,,,,,,,,,,,
199746,A3GEL5PWFIK05S,CONTROL,1,high,2,OVERLAY,3A_doc,spy_lead,trays,mailroom,fax,trays,mailroom,office,conference,shredder,out,,,,,,,,,,,,,,,,,,,,,,,,,,,,,,
199746,A3GEL5PWFIK05S,CONTROL,1,high,3,OVERLAY,5A_doc,spy_lead,trays,mailroom,fax,office,conference,shredder,out,,,,,,,,,,,,,,,,,,,,,,,,,,,,,,,,
199746,A3GEL5PWFIK05S,CONTROL,1,high,5,OVERLAY,10A_doc,spy_lead,trays,mailroom,fax,office,conference,shredder,out,,,,,,,,,,,,,,,,,,,,,,,,,,,,,,,,
199746,A3GEL5PWFIK05S,CONTROL,1,high,2,OVERLAY,4A_doc,spy_lead,trays,mailroom,fax,trays,mailroom,office,conference,shredder,out,,,,,,,,,,,,,,,,,,,,,,,,,,,,,,
199776,A1NM7ZPZ3NH412,CONTROL,1,high,1,OVERLAY,police_smithsonian_report,spy_lead,trays,mailroom,trays,out,,,,,,,,,,,,,,,,,,,,,,,,,,,,,,,,,,,
199776,A1NM7ZPZ3NH412,CONTROL,1,high,1,OVERLAY,mfa_security,spy_lead,trays,mailroom,trays,out,,,,,,,,,,,,,,,,,,,,,,,,,,,,,,,,,,,
199776,A1NM7ZPZ3NH412,CONTROL,1,high,5,OVERLAY,9A_doc,spy_lead,trays,mailroom,fax,trays,mailroom,trays,out,,,,,,,,,,,,,,,,,,,,,,,,,,,,,,,,
199776,A1NM7ZPZ3NH412,CONTROL,1,high,3,OVERLAY,6A_doc,spy_lead,trays,mailroom,fax,trays,out,,,,,,,,,,,,,,,,,,,,,,,,,,,,,,,,,,
199776,A1NM7ZPZ3NH412,CONTROL,1,high,4,OVERLAY,7A_doc,spy_lead,trays,mailroom,fax,office,mailroom,trays,out,,,,,,,,,,,,,,,,,,,,,,,,,,,,,,,,
199776,A1NM7ZPZ3NH412,CONTROL,1,high,4,OVERLAY,8A_doc,spy_lead,trays,mailroom,fax,office,mailroom,trays,out,,,,,,,,,,,,,,,,,,,,,,,,,,,,,,,,
199776,A1NM7ZPZ3NH412,CONTROL,1,high,2,OVERLAY,3A_doc,spy_lead,trays,mailroom,fax,trays,out,,,,,,,,,,,,,,,,,,,,,,,,,,,,,,,,,,
199776,A1NM7ZPZ3NH412,CONTROL,1,high,3,OVERLAY,5A_doc,spy_lead,trays,mailroom,fax,office,mailroom,trays,mailroom,office,conference,office,mailroom,trays,out,,,,,,,,,,,,,,,,,,,,,,,,,,
199776,A1NM7ZPZ3NH412,CONTROL,1,high,5,OVERLAY,10A_doc,spy_lead,trays,mailroom,fax,trays,out,,,,,,,,,,,,,,,,,,,,,,,,,,,,,,,,,,
199776,A1NM7ZPZ3NH412,CONTROL,1,high,2,OVERLAY,4A_doc,spy_lead,trays,mailroom,fax,trays,mailroom,fax,office,out,,,,,,,,,,,,,,,,,,,,,,,,,,,,,,,
